Unique,Boro,District,Unit,Order,January,February,March,April,May,June,July,August,September,October,November,December
ManhattanBIG APPLE 30Pack 0074 FP,Manhattan,BIG APPLE 30,Pack 0074 FP,1 - Packs,0.0,-1.0,-1.0,,,,,,,,,
ManhattanBIG APPLE 30Pack 0111 FP,Manhattan,BIG APPLE 30,Pack 0111 FP,1 - Packs,0.0,0.0,0.0,,,,,,,,,
ManhattanBIG APPLE 30Pack 0163 FP,Manhattan,BIG APPLE 30,Pack 0163 FP,1 - Packs,0.0,0.0,0.0,,,,,,,,,
ManhattanBIG APPLE 30Pack 0171 FP,Manhattan,BIG APPLE 30,Pack 0171 FP,1 - Packs,0.0,0.0,0.0,,,,,,,,,
ManhattanBIG APPLE 30Pack 0207 FP,Manhattan,BIG APPLE 30,Pack 0207 FP,1 - Packs,0.0,1.0,0.0,,,,,,,,,
ManhattanBIG APPLE 30Pack 0290 FP,Manhattan,BIG APPLE 30,Pack 0290 FP,1 - Packs,0.0,0.0,-2.0,,,,,,,,,
ManhattanBIG APPLE 30Pack 0422 BP,Manhattan,BIG APPLE 30,Pack 0422 BP,1 - Packs,0.0,-3.0,-4.0,,,,,,,,,
ManhattanBIG APPLE 30Pack 0662 FP,Manhattan,BIG APPLE 30,Pack 0662 FP,1 - Packs,0.0,1.0,-6.0,,,,,,,,,
ManhattanBIG APPLE 30Pack 0777 FP,Manhattan,BIG APPLE 30,Pack 0777 FP,1 - Packs,0.0,-4.0,-4.0,,,,,,,,,
ManhattanBIG APPLE 30Pack 3001 FP,Manhattan,BIG APPLE 30,Pack 3001 FP,1 - Packs,0.0,-5.0,1.0,,,,,,,,,
ManhattanBIG APPLE 30Pack 3150 BP,Manhattan,BIG APPLE 30,Pack 3150 BP,1 - Packs,0.0,-3.0,0.0,,,,,,,,,
ManhattanBIG APPLE 30Pack 3414 FP,Manhattan,BIG APPLE 30,Pack 3414 FP,1 - Packs,,0.0,0.0,,,,,,,,,
ManhattanBIG APPLE 30Pack 3520 FP,Manhattan,BIG APPLE 30,Pack 3520 FP,1 - Packs,0.0,0.0,-2.0,,,,,,,,,
ManhattanBIG APPLE 30Pack 3729 FP,Manhattan,BIG APPLE 30,Pack 3729 FP,1 - Packs,0.0,0.0,-3.0,,,,,,,,,
ManhattanBIG APPLE 30Troop 0001 BT,Manhattan,BIG APPLE 30,Troop 0001 BT,2 - Troops,0.0,3.0,-2.0,,,,,,,,,
ManhattanBIG APPLE 30Troop 0001 GT,Manhattan,BIG APPLE 30,Troop 0001 GT,2 - Troops,0.0,2.0,-1.0,,,,,,,,,
ManhattanBIG APPLE 30Troop 0005 BT,Manhattan,BIG APPLE 30,Troop 0005 BT,2 - Troops,0.0,0.0,-6.0,,,,,,,,,
ManhattanBIG APPLE 30Troop 0055 BT,Manhattan,BIG APPLE 30,Troop 0055 BT,2 - Troops,0.0,3.0,-4.0,,,,,,,,,
ManhattanBIG APPLE 30Troop 0055 GT,Manhattan,BIG APPLE 30,Troop 0055 GT,2 - Troops,0.0,0.0,0.0,,,,,,,,,
ManhattanBIG APPLE 30Troop 0150 BT,Manhattan,BIG APPLE 30,Troop 0150 BT,2 - Troops,0.0,1.0,-7.0,,,,,,,,,
ManhattanBIG APPLE 30Troop 0163 BT,Manhattan,BIG APPLE 30,Troop 0163 BT,2 - Troops,0.0,1.0,0.0,,,,,,,,,
ManhattanBIG APPLE 30Troop 0163 GT,Manhattan,BIG APPLE 30,Troop 0163 GT,2 - Troops,0.0,0.0,0.0,,,,,,,,,
ManhattanBIG APPLE 30Troop 0414 BT,Manhattan,BIG APPLE 30,Troop 0414 BT,2 - Troops,0.0,-1.0,0.0,,,,,,,,,
ManhattanBIG APPLE 30Troop 0414 GT,Manhattan,BIG APPLE 30,Troop 0414 GT,2 - Troops,0.0,0.0,-2.0,,,,,,,,,
ManhattanBIG APPLE 30Troop 0422 BT,Manhattan,BIG APPLE 30,Troop 0422 BT,2 - Troops,0.0,0.0,-1.0,,,,,,,,,
ManhattanBIG APPLE 30Troop 0520 BT,Manhattan,BIG APPLE 30,Troop 0520 BT,2 - Troops,0.0,0.0,0.0,,,,,,,,,
ManhattanBIG APPLE 30Troop 0662 BT,Manhattan,BIG APPLE 30,Troop 0662 BT,2 - Troops,0.0,-2.0,-2.0,,,,,,,,,
ManhattanBIG APPLE 30Troop 0662 GT,Manhattan,BIG APPLE 30,Troop 0662 GT,2 - Troops,0.0,5.0,0.0,,,,,,,,,
ManhattanBIG APPLE 30Troop 0664 BT,Manhattan,BIG APPLE 30,Troop 0664 BT,2 - Troops,0.0,0.0,-3.0,,,,,,,,,
ManhattanBIG APPLE 30Troop 0728 FT,Manhattan,BIG APPLE 30,Troop 0728 FT,2 - Troops,0.0,0.0,6.0,,,,,,,,,
ManhattanBIG APPLE 30Troop 0728 GT,Manhattan,BIG APPLE 30,Troop 0728 GT,2 - Troops,0.0,0.0,-5.0,,,,,,,,,
ManhattanBIG APPLE 30Troop 0777 BT,Manhattan,BIG APPLE 30,Troop 0777 BT,2 - Troops,0.0,7.0,-7.0,,,,,,,,,
ManhattanBIG APPLE 30Troop 0777 GT,Manhattan,BIG APPLE 30,Troop 0777 GT,2 - Troops,0.0,0.0,-2.0,,,,,,,,,
ManhattanBIG APPLE 30Troop 2011 BT,Manhattan,BIG APPLE 30,Troop 2011 BT,2 - Troops,0.0,0.0,0.0,,,,,,,,,
ManhattanBIG APPLE 30Crew 0001 UNK,Manhattan,BIG APPLE 30,Crew 0001 UNK,3 - Crews,0.0,0.0,-1.0,,,,,,,,,
ManhattanBIG APPLE 30Ship 0272 NA,Manhattan,BIG APPLE 30,Ship 0272 NA,3 - Crews,0.0,0.0,0.0,,,,,,,,,
BrooklynBK (21) Lenape Bay 21Pack 0007 FP,Brooklyn,BK (21) Lenape Bay 21,Pack 0007 FP,1 - Packs,0.0,0.0,1.0,,,,,,,,,
BrooklynBK (21) Lenape Bay 21Pack 0022 FP,Brooklyn,BK (21) Lenape Bay 21,Pack 0022 FP,1 - Packs,0.0,0.0,0.0,,,,,,,,,
BrooklynBK (21) Lenape Bay 21Pack 0023 BP,Brooklyn,BK (21) Lenape Bay 21,Pack 0023 BP,1 - Packs,0.0,0.0,1.0,,,,,,,,,
BrooklynBK (21) Lenape Bay 21Pack 0187 FP,Brooklyn,BK (21) Lenape Bay 21,Pack 0187 FP,1 - Packs,0.0,1.0,0.0,,,,,,,,,
BrooklynBK (21) Lenape Bay 21Pack 0188 GP,Brooklyn,BK (21) Lenape Bay 21,Pack 0188 GP,1 - Packs,0.0,1.0,0.0,,,,,,,,,
BrooklynBK (21) Lenape Bay 21Pack 0205 BP,Brooklyn,BK (21) Lenape Bay 21,Pack 0205 BP,1 - Packs,0.0,2.0,0.0,,,,,,,,,
BrooklynBK (21) Lenape Bay 21Pack 0263 BP,Brooklyn,BK (21) Lenape Bay 21,Pack 0263 BP,1 - Packs,0.0,0.0,-1.0,,,,,,,,,
BrooklynBK (21) Lenape Bay 21Pack 0313 BP,Brooklyn,BK (21) Lenape Bay 21,Pack 0313 BP,1 - Packs,0.0,0.0,0.0,,,,,,,,,
BrooklynBK (21) Lenape Bay 21Pack 0518 FP,Brooklyn,BK (21) Lenape Bay 21,Pack 0518 FP,1 - Packs,0.0,0.0,-6.0,,,,,,,,,
BrooklynBK (21) Lenape Bay 21Pack 0715 BP,Brooklyn,BK (21) Lenape Bay 21,Pack 0715 BP,1 - Packs,0.0,2.0,-9.0,,,,,,,,,
BrooklynBK (21) Lenape Bay 21Pack 0815 FP,Brooklyn,BK (21) Lenape Bay 21,Pack 0815 FP,1 - Packs,0.0,0.0,0.0,,,,,,,,,
BrooklynBK (21) Lenape Bay 21Pack 3099 BP,Brooklyn,BK (21) Lenape Bay 21,Pack 3099 BP,1 - Packs,0.0,0.0,0.0,,,,,,,,,
BrooklynBK (21) Lenape Bay 21Pack 3237 BP,Brooklyn,BK (21) Lenape Bay 21,Pack 3237 BP,1 - Packs,0.0,1.0,-2.0,,,,,,,,,
BrooklynBK (21) Lenape Bay 21Pack 3996 FP,Brooklyn,BK (21) Lenape Bay 21,Pack 3996 FP,1 - Packs,0.0,0.0,-1.0,,,,,,,,,
BrooklynBK (21) Lenape Bay 21Troop 0001 GT,Brooklyn,BK (21) Lenape Bay 21,Troop 0001 GT,2 - Troops,0.0,0.0,-1.0,,,,,,,,,
BrooklynBK (21) Lenape Bay 21Troop 0013 BT,Brooklyn,BK (21) Lenape Bay 21,Troop 0013 BT,2 - Troops,0.0,1.0,-9.0,,,,,,,,,
BrooklynBK (21) Lenape Bay 21Troop 0018 GT,Brooklyn,BK (21) Lenape Bay 21,Troop 0018 GT,2 - Troops,0.0,0.0,-2.0,,,,,,,,,
BrooklynBK (21) Lenape Bay 21Troop 0022 BT,Brooklyn,BK (21) Lenape Bay 21,Troop 0022 BT,2 - Troops,0.0,0.0,-2.0,,,,,,,,,
BrooklynBK (21) Lenape Bay 21Troop 0023 BT,Brooklyn,BK (21) Lenape Bay 21,Troop 0023 BT,2 - Troops,0.0,0.0,-2.0,,,,,,,,,
BrooklynBK (21) Lenape Bay 21Troop 0026 BT,Brooklyn,BK (21) Lenape Bay 21,Troop 0026 BT,2 - Troops,0.0,1.0,-9.0,,,,,,,,,
BrooklynBK (21) Lenape Bay 21Troop 0099 BT,Brooklyn,BK (21) Lenape Bay 21,Troop 0099 BT,2 - Troops,0.0,0.0,-2.0,,,,,,,,,
BrooklynBK (21) Lenape Bay 21Troop 0187 BT,Brooklyn,BK (21) Lenape Bay 21,Troop 0187 BT,2 - Troops,0.0,0.0,-10.0,,,,,,,,,
BrooklynBK (21) Lenape Bay 21Troop 0187 GT,Brooklyn,BK (21) Lenape Bay 21,Troop 0187 GT,2 - Troops,0.0,2.0,2.0,,,,,,,,,
BrooklynBK (21) Lenape Bay 21Troop 0205 BT,Brooklyn,BK (21) Lenape Bay 21,Troop 0205 BT,2 - Troops,0.0,1.0,0.0,,,,,,,,,
BrooklynBK (21) Lenape Bay 21Troop 0213 BT,Brooklyn,BK (21) Lenape Bay 21,Troop 0213 BT,2 - Troops,0.0,-1.0,0.0,,,,,,,,,
BrooklynBK (21) Lenape Bay 21Troop 0237 BT,Brooklyn,BK (21) Lenape Bay 21,Troop 0237 BT,2 - Troops,0.0,-1.0,-2.0,,,,,,,,,
BrooklynBK (21) Lenape Bay 21Troop 0263 BT,Brooklyn,BK (21) Lenape Bay 21,Troop 0263 BT,2 - Troops,0.0,0.0,0.0,,,,,,,,,
BrooklynBK (21) Lenape Bay 21Troop 0310 BT,Brooklyn,BK (21) Lenape Bay 21,Troop 0310 BT,2 - Troops,0.0,0.0,0.0,,,,,,,,,
BrooklynBK (21) Lenape Bay 21Troop 0715 BT,Brooklyn,BK (21) Lenape Bay 21,Troop 0715 BT,2 - Troops,0.0,0.0,-6.0,,,,,,,,,
BrooklynBK (21) Lenape Bay 21Troop 0815 FT,Brooklyn,BK (21) Lenape Bay 21,Troop 0815 FT,2 - Troops,0.0,-1.0,-3.0,,,,,,,,,
BrooklynBK (21) Lenape Bay 21Troop 0996 BT,Brooklyn,BK (21) Lenape Bay 21,Troop 0996 BT,2 - Troops,0.0,0.0,1.0,,,,,,,,,
BrooklynBK (21) Lenape Bay 21Troop 0996 GT,Brooklyn,BK (21) Lenape Bay 21,Troop 0996 GT,2 - Troops,0.0,0.0,0.0,,,,,,,,,
BrooklynBK (21) Lenape Bay 21Troop 9318 BT,Brooklyn,BK (21) Lenape Bay 21,Troop 9318 BT,2 - Troops,0.0,0.0,5.0,,,,,,,,,
BrooklynBK (21) Lenape Bay 21Troop 9318 GT,Brooklyn,BK (21) Lenape Bay 21,Troop 9318 GT,2 - Troops,0.0,0.0,-1.0,,,,,,,,,
BrooklynBK (22) Breukelen 22Pack 0002 FP,Brooklyn,BK (22) Breukelen 22,Pack 0002 FP,1 - Packs,0.0,0.0,0.0,,,,,,,,,
BrooklynBK (22) Breukelen 22Pack 0069 FP,Brooklyn,BK (22) Breukelen 22,Pack 0069 FP,1 - Packs,0.0,0.0,0.0,,,,,,,,,
BrooklynBK (22) Breukelen 22Pack 0097 FP,Brooklyn,BK (22) Breukelen 22,Pack 0097 FP,1 - Packs,0.0,0.0,0.0,,,,,,,,,
BrooklynBK (22) Breukelen 22Pack 0206 BP,Brooklyn,BK (22) Breukelen 22,Pack 0206 BP,1 - Packs,0.0,0.0,0.0,,,,,,,,,
BrooklynBK (22) Breukelen 22Pack 0238 FP,Brooklyn,BK (22) Breukelen 22,Pack 0238 FP,1 - Packs,0.0,0.0,0.0,,,,,,,,,
BrooklynBK (22) Breukelen 22Pack 0396 FP,Brooklyn,BK (22) Breukelen 22,Pack 0396 FP,1 - Packs,0.0,0.0,-1.0,,,,,,,,,
BrooklynBK (22) Breukelen 22Pack 0475 BP,Brooklyn,BK (22) Breukelen 22,Pack 0475 BP,1 - Packs,0.0,0.0,0.0,,,,,,,,,
BrooklynBK (22) Breukelen 22Pack 0531 BP,Brooklyn,BK (22) Breukelen 22,Pack 0531 BP,1 - Packs,0.0,-3.0,0.0,,,,,,,,,
BrooklynBK (22) Breukelen 22Pack 0611 FP,Brooklyn,BK (22) Breukelen 22,Pack 0611 FP,1 - Packs,0.0,0.0,1.0,,,,,,,,,
BrooklynBK (22) Breukelen 22Pack 0613 FP,Brooklyn,BK (22) Breukelen 22,Pack 0613 FP,1 - Packs,0.0,0.0,-1.0,,,,,,,,,
BrooklynBK (22) Breukelen 22Pack 0933 FP,Brooklyn,BK (22) Breukelen 22,Pack 0933 FP,1 - Packs,0.0,0.0,-1.0,,,,,,,,,
BrooklynBK (22) Breukelen 22Pack 3001 FP,Brooklyn,BK (22) Breukelen 22,Pack 3001 FP,1 - Packs,0.0,0.0,0.0,,,,,,,,,
BrooklynBK (22) Breukelen 22Pack 3076 FP,Brooklyn,BK (22) Breukelen 22,Pack 3076 FP,1 - Packs,0.0,0.0,-1.0,,,,,,,,,
BrooklynBK (22) Breukelen 22Pack 3376 FP,Brooklyn,BK (22) Breukelen 22,Pack 3376 FP,1 - Packs,0.0,2.0,-4.0,,,,,,,,,
BrooklynBK (22) Breukelen 22Pack 3446 FP,Brooklyn,BK (22) Breukelen 22,Pack 3446 FP,1 - Packs,0.0,0.0,0.0,,,,,,,,,
BrooklynBK (22) Breukelen 22Pack 4611 FP,Brooklyn,BK (22) Breukelen 22,Pack 4611 FP,1 - Packs,,0.0,0.0,,,,,,,,,
BrooklynBK (22) Breukelen 22Troop 0076 BT,Brooklyn,BK (22) Breukelen 22,Troop 0076 BT,2 - Troops,0.0,0.0,0.0,,,,,,,,,
BrooklynBK (22) Breukelen 22Troop 0090 BT,Brooklyn,BK (22) Breukelen 22,Troop 0090 BT,2 - Troops,,0.0,0.0,,,,,,,,,
BrooklynBK (22) Breukelen 22Troop 0193 BT,Brooklyn,BK (22) Breukelen 22,Troop 0193 BT,2 - Troops,0.0,0.0,-4.0,,,,,,,,,
BrooklynBK (22) Breukelen 22Troop 0238 BT,Brooklyn,BK (22) Breukelen 22,Troop 0238 BT,2 - Troops,0.0,0.0,-6.0,,,,,,,,,
BrooklynBK (22) Breukelen 22Troop 0309 BT,Brooklyn,BK (22) Breukelen 22,Troop 0309 BT,2 - Troops,0.0,0.0,-1.0,,,,,,,,,
BrooklynBK (22) Breukelen 22Troop 0309 GT,Brooklyn,BK (22) Breukelen 22,Troop 0309 GT,2 - Troops,0.0,0.0,-1.0,,,,,,,,,
BrooklynBK (22) Breukelen 22Troop 0353 BT,Brooklyn,BK (22) Breukelen 22,Troop 0353 BT,2 - Troops,0.0,0.0,-3.0,,,,,,,,,
BrooklynBK (22) Breukelen 22Troop 0376 FT,Brooklyn,BK (22) Breukelen 22,Troop 0376 FT,2 - Troops,0.0,8.0,-4.0,,,,,,,,,
BrooklynBK (22) Breukelen 22Troop 0376 GT,Brooklyn,BK (22) Breukelen 22,Troop 0376 GT,2 - Troops,0.0,0.0,0.0,,,,,,,,,
BrooklynBK (22) Breukelen 22Troop 0396 BT,Brooklyn,BK (22) Breukelen 22,Troop 0396 BT,2 - Troops,0.0,0.0,-1.0,,,,,,,,,
BrooklynBK (22) Breukelen 22Troop 0446 BT,Brooklyn,BK (22) Breukelen 22,Troop 0446 BT,2 - Troops,0.0,0.0,-2.0,,,,,,,,,
BrooklynBK (22) Breukelen 22Troop 0531 BT,Brooklyn,BK (22) Breukelen 22,Troop 0531 BT,2 - Troops,0.0,0.0,-4.0,,,,,,,,,
BrooklynBK (22) Breukelen 22Troop 0611 BT,Brooklyn,BK (22) Breukelen 22,Troop 0611 BT,2 - Troops,0.0,0.0,0.0,,,,,,,,,
BrooklynBK (22) Breukelen 22Troop 0613 BT,Brooklyn,BK (22) Breukelen 22,Troop 0613 BT,2 - Troops,0.0,0.0,-2.0,,,,,,,,,
BrooklynBK (22) Breukelen 22Troop 0613 GT,Brooklyn,BK (22) Breukelen 22,Troop 0613 GT,2 - Troops,0.0,0.0,-5.0,,,,,,,,,
BrooklynBK (22) Breukelen 22Troop 0673 GT,Brooklyn,BK (22) Breukelen 22,Troop 0673 GT,2 - Troops,0.0,-7.0,-3.0,,,,,,,,,
BrooklynBK (22) Breukelen 22Troop 0933 BT,Brooklyn,BK (22) Breukelen 22,Troop 0933 BT,2 - Troops,0.0,0.0,0.0,,,,,,,,,
BrooklynBK (22) Breukelen 22Crew 0001 UNK,Brooklyn,BK (22) Breukelen 22,Crew 0001 UNK,3 - Crews,0.0,0.0,0.0,,,,,,,,,
BronxBronx River District 15Pack 0024 FP,Bronx,Bronx River District 15,Pack 0024 FP,1 - Packs,0.0,1.0,-1.0,,,,,,,,,
BronxBronx River District 15Pack 0065 FP,Bronx,Bronx River District 15,Pack 0065 FP,1 - Packs,0.0,1.0,-4.0,,,,,,,,,
BronxBronx River District 15Pack 0102 BP,Bronx,Bronx River District 15,Pack 0102 BP,1 - Packs,0.0,0.0,-2.0,,,,,,,,,
BronxBronx River District 15Pack 0170 FP,Bronx,Bronx River District 15,Pack 0170 FP,1 - Packs,0.0,1.0,0.0,,,,,,,,,
BronxBronx River District 15Pack 0182 BP,Bronx,Bronx River District 15,Pack 0182 BP,1 - Packs,0.0,1.0,0.0,,,,,,,,,
BronxBronx River District 15Pack 0345 BP,Bronx,Bronx River District 15,Pack 0345 BP,1 - Packs,0.0,0.0,0.0,,,,,,,,,
BronxBronx River District 15Pack 0625 FP,Bronx,Bronx River District 15,Pack 0625 FP,1 - Packs,0.0,1.0,5.0,,,,,,,,,
BronxBronx River District 15Pack 3211 FP,Bronx,Bronx River District 15,Pack 3211 FP,1 - Packs,0.0,0.0,-1.0,,,,,,,,,
BronxBronx River District 15Troop 0065 BT,Bronx,Bronx River District 15,Troop 0065 BT,2 - Troops,0.0,0.0,-2.0,,,,,,,,,
BronxBronx River District 15Troop 0102 BT,Bronx,Bronx River District 15,Troop 0102 BT,2 - Troops,0.0,0.0,-4.0,,,,,,,,,
BronxBronx River District 15Troop 0182 BT,Bronx,Bronx River District 15,Troop 0182 BT,2 - Troops,0.0,0.0,-4.0,,,,,,,,,
BronxBronx River District 15Troop 0185 BT,Bronx,Bronx River District 15,Troop 0185 BT,2 - Troops,0.0,-1.0,-3.0,,,,,,,,,
BronxBronx River District 15Troop 0211 BT,Bronx,Bronx River District 15,Troop 0211 BT,2 - Troops,0.0,0.0,1.0,,,,,,,,,
BronxBronx River District 15Troop 0240 BT,Bronx,Bronx River District 15,Troop 0240 BT,2 - Troops,0.0,0.0,-2.0,,,,,,,,,
BronxBronx River District 15Troop 0333 BT,Bronx,Bronx River District 15,Troop 0333 BT,2 - Troops,,0.0,0.0,,,,,,,,,
BronxBronx River District 15Troop 0650 GT,Bronx,Bronx River District 15,Troop 0650 GT,2 - Troops,0.0,0.0,-1.0,,,,,,,,,
ScoutreachBronx Scoutreach Dist 19Pack 0005 FP,Scoutreach,Bronx Scoutreach Dist 19,Pack 0005 FP,1 - Packs,,0.0,0.0,,,,,,,,,
ScoutreachBronx Scoutreach Dist 19Pack 0021 FP,Scoutreach,Bronx Scoutreach Dist 19,Pack 0021 FP,1 - Packs,0.0,0.0,0.0,,,,,,,,,
ScoutreachBronx Scoutreach Dist 19Pack 0046 FP,Scoutreach,Bronx Scoutreach Dist 19,Pack 0046 FP,1 - Packs,0.0,0.0,0.0,,,,,,,,,
ScoutreachBronx Scoutreach Dist 19Pack 0094 BP,Scoutreach,Bronx Scoutreach Dist 19,Pack 0094 BP,1 - Packs,0.0,0.0,0.0,,,,,,,,,
ScoutreachBrooklyn Scoutreach Dist 23Pack 0109 FP,Scoutreach,Brooklyn Scoutreach Dist 23,Pack 0109 FP,1 - Packs,0.0,0.0,0.0,,,,,,,,,
ScoutreachBrooklyn Scoutreach Dist 23Pack 0198 FP,Scoutreach,Brooklyn Scoutreach Dist 23,Pack 0198 FP,1 - Packs,0.0,0.0,0.0,,,,,,,,,
ScoutreachBrooklyn Scoutreach Dist 23Pack 0235 FP,Scoutreach,Brooklyn Scoutreach Dist 23,Pack 0235 FP,1 - Packs,0.0,0.0,0.0,,,,,,,,,
ScoutreachBrooklyn Scoutreach Dist 23Pack 0251 FP,Scoutreach,Brooklyn Scoutreach Dist 23,Pack 0251 FP,1 - Packs,0.0,0.0,0.0,,,,,,,,,
ScoutreachBrooklyn Scoutreach Dist 23Pack 0272 FP,Scoutreach,Brooklyn Scoutreach Dist 23,Pack 0272 FP,1 - Packs,0.0,0.0,0.0,,,,,,,,,
ScoutreachBrooklyn Scoutreach Dist 23Pack 3135 FP,Scoutreach,Brooklyn Scoutreach Dist 23,Pack 3135 FP,1 - Packs,0.0,0.0,0.0,,,,,,,,,
ScoutreachBrooklyn Scoutreach Dist 23Pack 3189 FP,Scoutreach,Brooklyn Scoutreach Dist 23,Pack 3189 FP,1 - Packs,0.0,0.0,0.0,,,,,,,,,
ScoutreachBrooklyn Scoutreach Dist 23Pack 3208 FP,Scoutreach,Brooklyn Scoutreach Dist 23,Pack 3208 FP,1 - Packs,0.0,0.0,0.0,,,,,,,,,
ScoutreachManhattan Scoutreach Dist 39Pack 0145 FP,Scoutreach,Manhattan Scoutreach Dist 39,Pack 0145 FP,1 - Packs,0.0,0.0,0.0,,,,,,,,,
QueensQns (42) Founders 42Pack 0055 FP,Queens,Qns (42) Founders 42,Pack 0055 FP,1 - Packs,0.0,-1.0,-1.0,,,,,,,,,
QueensQns (42) Founders 42Pack 0142 FP,Queens,Qns (42) Founders 42,Pack 0142 FP,1 - Packs,0.0,-2.0,-2.0,,,,,,,,,
QueensQns (42) Founders 42Pack 0153 FP,Queens,Qns (42) Founders 42,Pack 0153 FP,1 - Packs,0.0,0.0,-3.0,,,,,,,,,
QueensQns (42) Founders 42Pack 0216 FP,Queens,Qns (42) Founders 42,Pack 0216 FP,1 - Packs,0.0,0.0,-1.0,,,,,,,,,
QueensQns (42) Founders 42Pack 0235 FP,Queens,Qns (42) Founders 42,Pack 0235 FP,1 - Packs,0.0,-2.0,-1.0,,,,,,,,,
QueensQns (42) Founders 42Pack 0253 FP,Queens,Qns (42) Founders 42,Pack 0253 FP,1 - Packs,0.0,0.0,0.0,,,,,,,,,
QueensQns (42) Founders 42Pack 0357 BP,Queens,Qns (42) Founders 42,Pack 0357 BP,1 - Packs,0.0,0.0,0.0,,,,,,,,,
QueensQns (42) Founders 42Pack 0627 BP,Queens,Qns (42) Founders 42,Pack 0627 BP,1 - Packs,0.0,-1.0,0.0,,,,,,,,,
QueensQns (42) Founders 42Pack 3049 BP,Queens,Qns (42) Founders 42,Pack 3049 BP,1 - Packs,0.0,-1.0,-12.0,,,,,,,,,
QueensQns (42) Founders 42Pack 3144 BP,Queens,Qns (42) Founders 42,Pack 3144 BP,1 - Packs,0.0,0.0,0.0,,,,,,,,,
QueensQns (42) Founders 42Pack 3174 FP,Queens,Qns (42) Founders 42,Pack 3174 FP,1 - Packs,0.0,0.0,-1.0,,,,,,,,,
QueensQns (42) Founders 42Pack 3255 FP,Queens,Qns (42) Founders 42,Pack 3255 FP,1 - Packs,0.0,-3.0,-3.0,,,,,,,,,
QueensQns (42) Founders 42Pack 3263 BP,Queens,Qns (42) Founders 42,Pack 3263 BP,1 - Packs,0.0,3.0,0.0,,,,,,,,,
QueensQns (42) Founders 42Pack 3268 BP,Queens,Qns (42) Founders 42,Pack 3268 BP,1 - Packs,0.0,0.0,-1.0,,,,,,,,,
QueensQns (42) Founders 42Pack 3754 FP,Queens,Qns (42) Founders 42,Pack 3754 FP,1 - Packs,0.0,0.0,0.0,,,,,,,,,
QueensQns (42) Founders 42Troop 0001 BT,Queens,Qns (42) Founders 42,Troop 0001 BT,2 - Troops,0.0,0.0,-8.0,,,,,,,,,
QueensQns (42) Founders 42Troop 0049 BT,Queens,Qns (42) Founders 42,Troop 0049 BT,2 - Troops,0.0,0.0,6.0,,,,,,,,,
QueensQns (42) Founders 42Troop 0055 BT,Queens,Qns (42) Founders 42,Troop 0055 BT,2 - Troops,0.0,0.0,-2.0,,,,,,,,,
QueensQns (42) Founders 42Troop 0075 BT,Queens,Qns (42) Founders 42,Troop 0075 BT,2 - Troops,0.0,0.0,-7.0,,,,,,,,,
QueensQns (42) Founders 42Troop 0142 BT,Queens,Qns (42) Founders 42,Troop 0142 BT,2 - Troops,0.0,0.0,-3.0,,,,,,,,,
QueensQns (42) Founders 42Troop 0144 BT,Queens,Qns (42) Founders 42,Troop 0144 BT,2 - Troops,0.0,0.0,0.0,,,,,,,,,
QueensQns (42) Founders 42Troop 0144 GT,Queens,Qns (42) Founders 42,Troop 0144 GT,2 - Troops,0.0,0.0,-1.0,,,,,,,,,
QueensQns (42) Founders 42Troop 0153 BT,Queens,Qns (42) Founders 42,Troop 0153 BT,2 - Troops,0.0,0.0,-2.0,,,,,,,,,
QueensQns (42) Founders 42Troop 0153 GT,Queens,Qns (42) Founders 42,Troop 0153 GT,2 - Troops,0.0,0.0,-3.0,,,,,,,,,
QueensQns (42) Founders 42Troop 0199 BT,Queens,Qns (42) Founders 42,Troop 0199 BT,2 - Troops,,0.0,0.0,,,,,,,,,
QueensQns (42) Founders 42Troop 0235 FT,Queens,Qns (42) Founders 42,Troop 0235 FT,2 - Troops,0.0,0.0,2.0,,,,,,,,,
QueensQns (42) Founders 42Troop 0235 GT,Queens,Qns (42) Founders 42,Troop 0235 GT,2 - Troops,0.0,0.0,-4.0,,,,,,,,,
QueensQns (42) Founders 42Troop 0253 BT,Queens,Qns (42) Founders 42,Troop 0253 BT,2 - Troops,0.0,1.0,-11.0,,,,,,,,,
QueensQns (42) Founders 42Troop 0253 GT,Queens,Qns (42) Founders 42,Troop 0253 GT,2 - Troops,0.0,0.0,-8.0,,,,,,,,,
QueensQns (42) Founders 42Troop 0255 FT,Queens,Qns (42) Founders 42,Troop 0255 FT,2 - Troops,0.0,0.0,-7.0,,,,,,,,,
QueensQns (42) Founders 42Troop 0263 BT,Queens,Qns (42) Founders 42,Troop 0263 BT,2 - Troops,0.0,0.0,-3.0,,,,,,,,,
QueensQns (42) Founders 42Troop 0267 BT,Queens,Qns (42) Founders 42,Troop 0267 BT,2 - Troops,0.0,0.0,0.0,,,,,,,,,
QueensQns (42) Founders 42Troop 0268 BT,Queens,Qns (42) Founders 42,Troop 0268 BT,2 - Troops,0.0,-1.0,-2.0,,,,,,,,,
QueensQns (42) Founders 42Troop 0333 BT,Queens,Qns (42) Founders 42,Troop 0333 BT,2 - Troops,0.0,0.0,-1.0,,,,,,,,,
QueensQns (42) Founders 42Troop 0357 BT,Queens,Qns (42) Founders 42,Troop 0357 BT,2 - Troops,0.0,0.0,0.0,,,,,,,,,
QueensQns (42) Founders 42Troop 0754 BT,Queens,Qns (42) Founders 42,Troop 0754 BT,2 - Troops,0.0,0.0,-6.0,,,,,,,,,
QueensQns (42) Founders 42Troop 0754 GT,Queens,Qns (42) Founders 42,Troop 0754 GT,2 - Troops,0.0,0.0,0.0,,,,,,,,,
QueensQns (42) Founders 42Troop 0888 BT,Queens,Qns (42) Founders 42,Troop 0888 BT,2 - Troops,0.0,0.0,-8.0,,,,,,,,,
QueensQns (44) Tomahawk 44Pack 0147 FP,Queens,Qns (44) Tomahawk 44,Pack 0147 FP,1 - Packs,0.0,0.0,-1.0,,,,,,,,,
QueensQns (44) Tomahawk 44Pack 0177 FP,Queens,Qns (44) Tomahawk 44,Pack 0177 FP,1 - Packs,0.0,-6.0,0.0,,,,,,,,,
QueensQns (44) Tomahawk 44Pack 0237 BP,Queens,Qns (44) Tomahawk 44,Pack 0237 BP,1 - Packs,0.0,1.0,0.0,,,,,,,,,
QueensQns (44) Tomahawk 44Troop 0139 BT,Queens,Qns (44) Tomahawk 44,Troop 0139 BT,2 - Troops,0.0,-1.0,-3.0,,,,,,,,,
QueensQns (44) Tomahawk 44Troop 0147 BT,Queens,Qns (44) Tomahawk 44,Troop 0147 BT,2 - Troops,0.0,0.0,-4.0,,,,,,,,,
QueensQns (44) Tomahawk 44Troop 0173 BT,Queens,Qns (44) Tomahawk 44,Troop 0173 BT,2 - Troops,0.0,0.0,-1.0,,,,,,,,,
QueensQns (44) Tomahawk 44Troop 0177 BT,Queens,Qns (44) Tomahawk 44,Troop 0177 BT,2 - Troops,0.0,8.0,0.0,,,,,,,,,
QueensQns (44) Tomahawk 44Troop 0177 GT,Queens,Qns (44) Tomahawk 44,Troop 0177 GT,2 - Troops,0.0,3.0,-1.0,,,,,,,,,
QueensQns (44) Tomahawk 44Troop 0237 BT,Queens,Qns (44) Tomahawk 44,Troop 0237 BT,2 - Troops,0.0,0.0,-1.0,,,,,,,,,
QueensQns (44) Tomahawk 44Ship 0343 NA,Queens,Qns (44) Tomahawk 44,Ship 0343 NA,3 - Crews,0.0,0.0,0.0,,,,,,,,,
QueensQns (45) Pathfinder 45Pack 0023 FP,Queens,Qns (45) Pathfinder 45,Pack 0023 FP,1 - Packs,0.0,0.0,0.0,,,,,,,,,
QueensQns (45) Pathfinder 45Pack 0090 FP,Queens,Qns (45) Pathfinder 45,Pack 0090 FP,1 - Packs,0.0,1.0,-4.0,,,,,,,,,
QueensQns (45) Pathfinder 45Pack 0349 FP,Queens,Qns (45) Pathfinder 45,Pack 0349 FP,1 - Packs,0.0,1.0,-1.0,,,,,,,,,
QueensQns (45) Pathfinder 45Pack 3045 FP,Queens,Qns (45) Pathfinder 45,Pack 3045 FP,1 - Packs,0.0,0.0,1.0,,,,,,,,,
QueensQns (45) Pathfinder 45Pack 3096 FP,Queens,Qns (45) Pathfinder 45,Pack 3096 FP,1 - Packs,0.0,0.0,-2.0,,,,,,,,,
QueensQns (45) Pathfinder 45Pack 3106 FP,Queens,Qns (45) Pathfinder 45,Pack 3106 FP,1 - Packs,0.0,0.0,-7.0,,,,,,,,,
QueensQns (45) Pathfinder 45Pack 3201 FP,Queens,Qns (45) Pathfinder 45,Pack 3201 FP,1 - Packs,0.0,-1.0,-1.0,,,,,,,,,
QueensQns (45) Pathfinder 45Troop 0017 BT,Queens,Qns (45) Pathfinder 45,Troop 0017 BT,2 - Troops,0.0,-1.0,-7.0,,,,,,,,,
QueensQns (45) Pathfinder 45Troop 0023 FT,Queens,Qns (45) Pathfinder 45,Troop 0023 FT,2 - Troops,0.0,0.0,-2.0,,,,,,,,,
QueensQns (45) Pathfinder 45Troop 0023 GT,Queens,Qns (45) Pathfinder 45,Troop 0023 GT,2 - Troops,0.0,-1.0,-3.0,,,,,,,,,
QueensQns (45) Pathfinder 45Troop 0045 BT,Queens,Qns (45) Pathfinder 45,Troop 0045 BT,2 - Troops,0.0,0.0,-2.0,,,,,,,,,
QueensQns (45) Pathfinder 45Troop 0065 BT,Queens,Qns (45) Pathfinder 45,Troop 0065 BT,2 - Troops,0.0,0.0,-3.0,,,,,,,,,
QueensQns (45) Pathfinder 45Troop 0070 FT,Queens,Qns (45) Pathfinder 45,Troop 0070 FT,2 - Troops,0.0,0.0,-9.0,,,,,,,,,
QueensQns (45) Pathfinder 45Troop 0070 GT,Queens,Qns (45) Pathfinder 45,Troop 0070 GT,2 - Troops,0.0,0.0,0.0,,,,,,,,,
QueensQns (45) Pathfinder 45Troop 0096 BT,Queens,Qns (45) Pathfinder 45,Troop 0096 BT,2 - Troops,0.0,0.0,-3.0,,,,,,,,,
QueensQns (45) Pathfinder 45Troop 0096 GT,Queens,Qns (45) Pathfinder 45,Troop 0096 GT,2 - Troops,0.0,0.0,0.0,,,,,,,,,
QueensQns (45) Pathfinder 45Troop 0106 BT,Queens,Qns (45) Pathfinder 45,Troop 0106 BT,2 - Troops,0.0,1.0,-8.0,,,,,,,,,
QueensQns (45) Pathfinder 45Troop 0201 BT,Queens,Qns (45) Pathfinder 45,Troop 0201 BT,2 - Troops,0.0,0.0,-5.0,,,,,,,,,
QueensQns (45) Pathfinder 45Troop 0349 BT,Queens,Qns (45) Pathfinder 45,Troop 0349 BT,2 - Troops,0.0,0.0,-5.0,,,,,,,,,
QueensQns (45) Pathfinder 45Troop 0427 BT,Queens,Qns (45) Pathfinder 45,Troop 0427 BT,2 - Troops,0.0,-1.0,-3.0,,,,,,,,,
QueensQns (45) Pathfinder 45Troop 0427 GT,Queens,Qns (45) Pathfinder 45,Troop 0427 GT,2 - Troops,0.0,0.0,0.0,,,,,,,,,
QueensQns (45) Pathfinder 45Troop 1923 GT,Queens,Qns (45) Pathfinder 45,Troop 1923 GT,2 - Troops,0.0,0.0,-8.0,,,,,,,,,
QueensQns (45) Pathfinder 45Crew 0201 NA,Queens,Qns (45) Pathfinder 45,Crew 0201 NA,3 - Crews,0.0,0.0,0.0,,,,,,,,,
QueensQns (45) Pathfinder 45Ship 0441 NA,Queens,Qns (45) Pathfinder 45,Ship 0441 NA,3 - Crews,0.0,0.0,0.0,,,,,,,,,
ScoutreachQueens Scoutreach Dist 43Pack 0007 FP,Scoutreach,Queens Scoutreach Dist 43,Pack 0007 FP,1 - Packs,0.0,0.0,0.0,,,,,,,,,
ScoutreachQueens Scoutreach Dist 43Pack 0130 FP,Scoutreach,Queens Scoutreach Dist 43,Pack 0130 FP,1 - Packs,0.0,0.0,0.0,,,,,,,,,
ScoutreachQueens Scoutreach Dist 43Pack 0330 FP,Scoutreach,Queens Scoutreach Dist 43,Pack 0330 FP,1 - Packs,0.0,0.0,0.0,,,,,,,,,
Staten IslandSI (50) Aquehonga 50Pack 0002 BP,Staten Island,SI (50) Aquehonga 50,Pack 0002 BP,1 - Packs,0.0,1.0,-1.0,,,,,,,,,
Staten IslandSI (50) Aquehonga 50Pack 0004 FP,Staten Island,SI (50) Aquehonga 50,Pack 0004 FP,1 - Packs,0.0,-3.0,-8.0,,,,,,,,,
Staten IslandSI (50) Aquehonga 50Pack 0005 FP,Staten Island,SI (50) Aquehonga 50,Pack 0005 FP,1 - Packs,0.0,0.0,0.0,,,,,,,,,
Staten IslandSI (50) Aquehonga 50Pack 0008 BP,Staten Island,SI (50) Aquehonga 50,Pack 0008 BP,1 - Packs,0.0,-1.0,-1.0,,,,,,,,,
Staten IslandSI (50) Aquehonga 50Pack 0015 BP,Staten Island,SI (50) Aquehonga 50,Pack 0015 BP,1 - Packs,0.0,0.0,0.0,,,,,,,,,
Staten IslandSI (50) Aquehonga 50Pack 0027 BP,Staten Island,SI (50) Aquehonga 50,Pack 0027 BP,1 - Packs,0.0,0.0,-2.0,,,,,,,,,
Staten IslandSI (50) Aquehonga 50Pack 0037 BP,Staten Island,SI (50) Aquehonga 50,Pack 0037 BP,1 - Packs,0.0,0.0,-5.0,,,,,,,,,
Staten IslandSI (50) Aquehonga 50Pack 0076 FP,Staten Island,SI (50) Aquehonga 50,Pack 0076 FP,1 - Packs,0.0,-1.0,-2.0,,,,,,,,,
Staten IslandSI (50) Aquehonga 50Pack 0088 FP,Staten Island,SI (50) Aquehonga 50,Pack 0088 FP,1 - Packs,0.0,-1.0,0.0,,,,,,,,,
Staten IslandSI (50) Aquehonga 50Pack 0132 FP,Staten Island,SI (50) Aquehonga 50,Pack 0132 FP,1 - Packs,0.0,3.0,-2.0,,,,,,,,,
Staten IslandSI (50) Aquehonga 50Pack 0150 BP,Staten Island,SI (50) Aquehonga 50,Pack 0150 BP,1 - Packs,0.0,0.0,-2.0,,,,,,,,,
Staten IslandSI (50) Aquehonga 50Pack 0412 FP,Staten Island,SI (50) Aquehonga 50,Pack 0412 FP,1 - Packs,0.0,0.0,0.0,,,,,,,,,
Staten IslandSI (50) Aquehonga 50Pack 0587 FP,Staten Island,SI (50) Aquehonga 50,Pack 0587 FP,1 - Packs,0.0,0.0,0.0,,,,,,,,,
Staten IslandSI (50) Aquehonga 50Pack 2022 FP,Staten Island,SI (50) Aquehonga 50,Pack 2022 FP,1 - Packs,,0.0,0.0,,,,,,,,,
Staten IslandSI (50) Aquehonga 50Pack 3001 FP,Staten Island,SI (50) Aquehonga 50,Pack 3001 FP,1 - Packs,0.0,0.0,0.0,,,,,,,,,
Staten IslandSI (50) Aquehonga 50Pack 3006 BP,Staten Island,SI (50) Aquehonga 50,Pack 3006 BP,1 - Packs,0.0,0.0,-5.0,,,,,,,,,
Staten IslandSI (50) Aquehonga 50Pack 3019 FP,Staten Island,SI (50) Aquehonga 50,Pack 3019 FP,1 - Packs,0.0,0.0,-2.0,,,,,,,,,
Staten IslandSI (50) Aquehonga 50Pack 3024 FP,Staten Island,SI (50) Aquehonga 50,Pack 3024 FP,1 - Packs,0.0,0.0,0.0,,,,,,,,,
Staten IslandSI (50) Aquehonga 50Pack 3025 FP,Staten Island,SI (50) Aquehonga 50,Pack 3025 FP,1 - Packs,0.0,0.0,2.0,,,,,,,,,
Staten IslandSI (50) Aquehonga 50Pack 3026 FP,Staten Island,SI (50) Aquehonga 50,Pack 3026 FP,1 - Packs,0.0,0.0,0.0,,,,,,,,,
Staten IslandSI (50) Aquehonga 50Pack 3041 BP,Staten Island,SI (50) Aquehonga 50,Pack 3041 BP,1 - Packs,0.0,-1.0,-5.0,,,,,,,,,
Staten IslandSI (50) Aquehonga 50Troop 0001 BT,Staten Island,SI (50) Aquehonga 50,Troop 0001 BT,2 - Troops,0.0,0.0,-1.0,,,,,,,,,
Staten IslandSI (50) Aquehonga 50Troop 0002 BT,Staten Island,SI (50) Aquehonga 50,Troop 0002 BT,2 - Troops,0.0,0.0,-4.0,,,,,,,,,
Staten IslandSI (50) Aquehonga 50Troop 0004 BT,Staten Island,SI (50) Aquehonga 50,Troop 0004 BT,2 - Troops,0.0,0.0,-4.0,,,,,,,,,
Staten IslandSI (50) Aquehonga 50Troop 0005 BT,Staten Island,SI (50) Aquehonga 50,Troop 0005 BT,2 - Troops,0.0,0.0,-2.0,,,,,,,,,
Staten IslandSI (50) Aquehonga 50Troop 0006 BT,Staten Island,SI (50) Aquehonga 50,Troop 0006 BT,2 - Troops,0.0,0.0,-14.0,,,,,,,,,
Staten IslandSI (50) Aquehonga 50Troop 0007 BT,Staten Island,SI (50) Aquehonga 50,Troop 0007 BT,2 - Troops,,0.0,0.0,,,,,,,,,
Staten IslandSI (50) Aquehonga 50Troop 0008 BT,Staten Island,SI (50) Aquehonga 50,Troop 0008 BT,2 - Troops,0.0,-1.0,-3.0,,,,,,,,,
Staten IslandSI (50) Aquehonga 50Troop 0019 FT,Staten Island,SI (50) Aquehonga 50,Troop 0019 FT,2 - Troops,0.0,20.0,-2.0,,,,,,,,,
Staten IslandSI (50) Aquehonga 50Troop 0019 GT,Staten Island,SI (50) Aquehonga 50,Troop 0019 GT,2 - Troops,0.0,-20.0,-4.0,,,,,,,,,
Staten IslandSI (50) Aquehonga 50Troop 0024 BT,Staten Island,SI (50) Aquehonga 50,Troop 0024 BT,2 - Troops,0.0,0.0,-6.0,,,,,,,,,
Staten IslandSI (50) Aquehonga 50Troop 0025 BT,Staten Island,SI (50) Aquehonga 50,Troop 0025 BT,2 - Troops,0.0,0.0,-4.0,,,,,,,,,
Staten IslandSI (50) Aquehonga 50Troop 0025 GT,Staten Island,SI (50) Aquehonga 50,Troop 0025 GT,2 - Troops,0.0,0.0,0.0,,,,,,,,,
Staten IslandSI (50) Aquehonga 50Troop 0026 BT,Staten Island,SI (50) Aquehonga 50,Troop 0026 BT,2 - Troops,0.0,0.0,-2.0,,,,,,,,,
Staten IslandSI (50) Aquehonga 50Troop 0027 BT,Staten Island,SI (50) Aquehonga 50,Troop 0027 BT,2 - Troops,0.0,0.0,-2.0,,,,,,,,,
Staten IslandSI (50) Aquehonga 50Troop 0037 BT,Staten Island,SI (50) Aquehonga 50,Troop 0037 BT,2 - Troops,0.0,0.0,-7.0,,,,,,,,,
Staten IslandSI (50) Aquehonga 50Troop 0041 BT,Staten Island,SI (50) Aquehonga 50,Troop 0041 BT,2 - Troops,0.0,0.0,-7.0,,,,,,,,,
Staten IslandSI (50) Aquehonga 50Troop 0074 BT,Staten Island,SI (50) Aquehonga 50,Troop 0074 BT,2 - Troops,0.0,0.0,-1.0,,,,,,,,,
Staten IslandSI (50) Aquehonga 50Troop 0076 BT,Staten Island,SI (50) Aquehonga 50,Troop 0076 BT,2 - Troops,0.0,0.0,-11.0,,,,,,,,,
Staten IslandSI (50) Aquehonga 50Troop 0076 GT,Staten Island,SI (50) Aquehonga 50,Troop 0076 GT,2 - Troops,0.0,0.0,-3.0,,,,,,,,,
Staten IslandSI (50) Aquehonga 50Troop 0077 BT,Staten Island,SI (50) Aquehonga 50,Troop 0077 BT,2 - Troops,0.0,0.0,-2.0,,,,,,,,,
Staten IslandSI (50) Aquehonga 50Troop 0088 FT,Staten Island,SI (50) Aquehonga 50,Troop 0088 FT,2 - Troops,0.0,0.0,-1.0,,,,,,,,,
Staten IslandSI (50) Aquehonga 50Troop 0088 GT,Staten Island,SI (50) Aquehonga 50,Troop 0088 GT,2 - Troops,,0.0,0.0,,,,,,,,,
Staten IslandSI (50) Aquehonga 50Troop 0132 FT,Staten Island,SI (50) Aquehonga 50,Troop 0132 FT,2 - Troops,0.0,0.0,-1.0,,,,,,,,,
Staten IslandSI (50) Aquehonga 50Troop 0150 BT,Staten Island,SI (50) Aquehonga 50,Troop 0150 BT,2 - Troops,0.0,0.0,-2.0,,,,,,,,,
Staten IslandSI (50) Aquehonga 50Troop 0160 BT,Staten Island,SI (50) Aquehonga 50,Troop 0160 BT,2 - Troops,0.0,0.0,-2.0,,,,,,,,,
Staten IslandSI (50) Aquehonga 50Troop 0222 BT,Staten Island,SI (50) Aquehonga 50,Troop 0222 BT,2 - Troops,,0.0,0.0,,,,,,,,,
Staten IslandSI (50) Aquehonga 50Troop 0222 GT,Staten Island,SI (50) Aquehonga 50,Troop 0222 GT,2 - Troops,,0.0,0.0,,,,,,,,,
Staten IslandSI (50) Aquehonga 50Troop 0412 GT,Staten Island,SI (50) Aquehonga 50,Troop 0412 GT,2 - Troops,0.0,0.0,0.0,,,,,,,,,
Staten IslandSI (50) Aquehonga 50Troop 0587 BT,Staten Island,SI (50) Aquehonga 50,Troop 0587 BT,2 - Troops,0.0,0.0,-3.0,,,,,,,,,
Staten IslandSI (50) Aquehonga 50Troop 0587 FT,Staten Island,SI (50) Aquehonga 50,Troop 0587 FT,2 - Troops,0.0,3.0,1.0,,,,,,,,,
Staten IslandSI (50) Aquehonga 50Troop 4031 BT,Staten Island,SI (50) Aquehonga 50,Troop 4031 BT,2 - Troops,0.0,-2.0,0.0,,,,,,,,,
Staten IslandSI (50) Aquehonga 50Troop 4031 GT,Staten Island,SI (50) Aquehonga 50,Troop 4031 GT,2 - Troops,0.0,0.0,0.0,,,,,,,,,
Staten IslandSI (50) Aquehonga 50Crew 0041 UNK,Staten Island,SI (50) Aquehonga 50,Crew 0041 UNK,3 - Crews,0.0,0.0,0.0,,,,,,,,,
Staten IslandSI (50) Aquehonga 50Crew 0587 UNK,Staten Island,SI (50) Aquehonga 50,Crew 0587 UNK,3 - Crews,0.0,0.0,-1.0,,,,,,,,,
